text,label,label_id
"TAX INVOICE
Number: INV1000
Date: 2025-11-26

Bill To: Client A

Item 1	4	$29.06	$441.85
Item 2	2	$97.56	$376.44
Item 3	2	$92.54	$343.57
Item 4	2	$94.08	$397.00

Subtotal: $880.69
GST: $45.47
Total: $235.38",Invoice,0
"Invoice #INV1001
Date: 2025-12-09
Vendor: Global Supplies
To: Client D

Description	Quantity	Unit Price	Amount
Item 1	2	$45.82	$142.38
Item 2	5	$79.39	$339.30
Item 3	1	$51.63	$248.49
Item 4	4	$71.08	$352.64

Subtotal: $342.86
Tax: $61.71
Total: $497.48",Invoice,0
"Invoice #INV1002
Date: 2025-12-15
Vendor: Global Supplies
To: Client C

Description	Quantity	Unit Price	Amount
Item 1	5	$25.51	$374.75
Item 2	3	$18.12	$497.07
Item 3	3	$14.47	$349.27

Subtotal: $732.20
Tax: $74.05
Total: $728.53",Invoice,0
"Invoice #INV1003
Date: 2025-12-05
Vendor: XYZ Ltd
To: Client B

Description	Quantity	Unit Price	Amount
Item 1	4	$52.41	$459.32
Item 2	1	$25.07	$221.89
Item 3	3	$57.33	$300.79

Subtotal: $627.86
Tax: $50.35
Total: $916.93",Invoice,0
"Invoice #INV1004
Date: 2025-11-29
Vendor: Global Supplies
To: Client B

Description	Quantity	Unit Price	Amount
Item 1	3	$50.18	$87.55

Subtotal: $101.81
Tax: $29.98
Total: $369.16",Invoice,0
"INVOICE
Invoice No: INV-INV1005
Invoice Date: 2025-12-14
Due Date: 2026-01-19

From: ABC Corp
To: Client D

Items:
Item 1	3	$52.25	$33.36

Total Amount Due: $807.64",Invoice,0
"TAX INVOICE
Number: INV1006
Date: 2025-11-25

Bill To: Client B

Item 1	2	$10.81	$240.25
Item 2	5	$74.93	$80.77
Item 3	5	$97.91	$176.95

Subtotal: $598.24
GST: $38.66
Total: $990.06",Invoice,0
"INVOICE
Invoice No: INV-INV1007
Invoice Date: 2025-12-07
Due Date: 2026-01-19

From: Global Supplies
To: Client C

Items:
Item 1	1	$79.29	$259.36
Item 2	2	$73.60	$278.70
Item 3	3	$52.91	$237.19

Total Amount Due: $1024.19",Invoice,0
"Invoice #INV1008
Date: 2025-12-06
Vendor: ABC Corp
To: Client A

Description	Quantity	Unit Price	Amount
Item 1	1	$35.55	$479.50
Item 2	1	$95.38	$14.12
Item 3	1	$66.09	$344.37

Subtotal: $312.77
Tax: $16.12
Total: $743.80",Invoice,0
"INVOICE
Invoice No: INV-INV1009
Invoice Date: 2025-11-21
Due Date: 2026-01-19

From: XYZ Ltd
To: Client B

Items:
Item 1	4	$59.73	$295.72
Item 2	3	$78.91	$63.42
Item 3	4	$70.73	$184.76
Item 4	4	$95.36	$233.75
Item 5	2	$19.76	$294.26

Total Amount Due: $641.83",Invoice,0
"TAX INVOICE
Number: INV1010
Date: 2025-12-17

Bill To: Client B

Item 1	3	$42.75	$350.69
Item 2	5	$60.06	$270.94
Item 3	3	$33.39	$312.75
Item 4	5	$92.42	$319.71
Item 5	1	$78.94	$405.25

Subtotal: $395.00
GST: $71.29
Total: $409.32",Invoice,0
"Invoice #INV1011
Date: 2025-11-22
Vendor: XYZ Ltd
To: Client C

Description	Quantity	Unit Price	Amount
Item 1	4	$65.65	$22.80
Item 2	4	$32.04	$302.63
Item 3	5	$16.98	$113.52

Subtotal: $221.05
Tax: $72.62
Total: $493.79",Invoice,0
"TAX INVOICE
Number: INV1012
Date: 2025-12-01

Bill To: Client D

Item 1	1	$59.41	$20.78

Subtotal: $169.92
GST: $57.97
Total: $774.05",Invoice,0
"Invoice #INV1013
Date: 2025-11-27
Vendor: Tech Solutions Inc
To: Client A

Description	Quantity	Unit Price	Amount
Item 1	3	$93.64	$190.41

Subtotal: $766.83
Tax: $70.87
Total: $459.08",Invoice,0
"TAX INVOICE
Number: INV1014
Date: 2025-12-15

Bill To: Client A

Item 1	4	$27.14	$447.16

Subtotal: $936.61
GST: $80.31
Total: $708.48",Invoice,0
"INVOICE
Invoice No: INV-INV1015
Invoice Date: 2025-12-17
Due Date: 2026-01-19

From: Tech Solutions Inc
To: Client A

Items:
Item 1	4	$16.46	$71.58
Item 2	3	$41.00	$207.31

Total Amount Due: $675.92",Invoice,0
"INVOICE
Invoice No: INV-INV1016
Invoice Date: 2025-12-07
Due Date: 2026-01-19

From: Global Supplies
To: Client C

Items:
Item 1	4	$63.06	$64.70

Total Amount Due: $863.03",Invoice,0
"TAX INVOICE
Number: INV1017
Date: 2025-11-26

Bill To: Client C

Item 1	1	$18.98	$49.14

Subtotal: $117.68
GST: $97.96
Total: $198.21",Invoice,0
"Invoice #INV1018
Date: 2025-12-12
Vendor: Tech Solutions Inc
To: Client C

Description	Quantity	Unit Price	Amount
Item 1	4	$68.91	$179.16
Item 2	3	$90.14	$360.22
Item 3	1	$64.21	$380.68
Item 4	5	$85.07	$368.56
Item 5	3	$18.72	$353.53

Subtotal: $398.49
Tax: $63.46
Total: $681.57",Invoice,0
"INVOICE
Invoice No: INV-INV1019
Invoice Date: 2025-12-05
Due Date: 2026-01-19

From: ABC Corp
To: Client A

Items:
Item 1	5	$54.01	$35.00
Item 2	4	$70.27	$398.25
Item 3	2	$86.61	$273.34
Item 4	1	$51.11	$362.19

Total Amount Due: $986.36",Invoice,0
"TAX INVOICE
Number: INV1020
Date: 2025-11-27

Bill To: Client B

Item 1	3	$85.03	$365.86
Item 2	3	$37.27	$132.33
Item 3	3	$55.46	$27.39
Item 4	4	$74.10	$35.30
Item 5	1	$54.34	$287.55

Subtotal: $814.84
GST: $90.80
Total: $600.20",Invoice,0
"TAX INVOICE
Number: INV1021
Date: 2025-11-21

Bill To: Client C

Item 1	3	$56.22	$388.62
Item 2	2	$97.36	$205.68
Item 3	3	$78.15	$153.70
Item 4	4	$30.76	$22.80
Item 5	2	$53.12	$160.19

Subtotal: $994.34
GST: $90.22
Total: $309.91",Invoice,0
"INVOICE
Invoice No: INV-INV1022
Invoice Date: 2025-12-12
Due Date: 2026-01-19

From: XYZ Ltd
To: Client C

Items:
Item 1	3	$16.92	$85.81
Item 2	5	$57.95	$61.75
Item 3	1	$78.14	$24.98
Item 4	3	$50.09	$54.28

Total Amount Due: $635.71",Invoice,0
"Invoice #INV1023
Date: 2025-12-08
Vendor: ABC Corp
To: Client B

Description	Quantity	Unit Price	Amount
Item 1	4	$96.98	$50.00
Item 2	1	$69.80	$27.52
Item 3	1	$22.83	$370.59
Item 4	3	$76.84	$120.63

Subtotal: $533.83
Tax: $40.68
Total: $765.28",Invoice,0
"TAX INVOICE
Number: INV1024
Date: 2025-11-24

Bill To: Client C

Item 1	2	$15.97	$399.42
Item 2	1	$70.59	$251.71
Item 3	3	$78.44	$322.13

Subtotal: $564.60
GST: $40.51
Total: $259.38",Invoice,0
"Invoice #INV1025
Date: 2025-11-24
Vendor: XYZ Ltd
To: Client C

Description	Quantity	Unit Price	Amount
Item 1	3	$70.69	$179.89
Item 2	5	$72.60	$260.00
Item 3	4	$16.94	$86.76
Item 4	2	$19.15	$151.49

Subtotal: $534.65
Tax: $23.88
Total: $825.92",Invoice,0
"TAX INVOICE
Number: INV1026
Date: 2025-11-27

Bill To: Client A

Item 1	2	$35.20	$376.25
Item 2	2	$69.66	$474.03
Item 3	1	$24.04	$364.73
Item 4	5	$48.15	$441.30

Subtotal: $626.12
GST: $75.31
Total: $419.94",Invoice,0
"Invoice #INV1027
Date: 2025-12-02
Vendor: XYZ Ltd
To: Client A

Description	Quantity	Unit Price	Amount
Item 1	3	$78.38	$401.36
Item 2	3	$82.90	$95.40

Subtotal: $237.57
Tax: $30.40
Total: $555.28",Invoice,0
"Invoice #INV1028
Date: 2025-12-12
Vendor: Tech Solutions Inc
To: Client A

Description	Quantity	Unit Price	Amount
Item 1	3	$82.48	$357.26
Item 2	3	$30.12	$244.96
Item 3	3	$60.19	$219.14
Item 4	5	$86.54	$470.63
Item 5	3	$76.82	$197.27

Subtotal: $292.97
Tax: $27.90
Total: $155.93",Invoice,0
"Invoice #INV1029
Date: 2025-11-24
Vendor: Global Supplies
To: Client B

Description	Quantity	Unit Price	Amount
Item 1	3	$91.27	$99.80
Item 2	1	$88.38	$465.45
Item 3	2	$25.27	$362.00

Subtotal: $432.91
Tax: $13.83
Total: $192.26",Invoice,0
"TAX INVOICE
Number: INV1030
Date: 2025-12-17

Bill To: Client B

Item 1	1	$15.43	$375.44
Item 2	4	$29.32	$282.70
Item 3	1	$72.82	$464.66

Subtotal: $733.28
GST: $23.49
Total: $485.52",Invoice,0
"TAX INVOICE
Number: INV1031
Date: 2025-12-03

Bill To: Client C

Item 1	1	$72.05	$422.32
Item 2	5	$37.14	$483.95
Item 3	3	$74.09	$167.49
Item 4	5	$34.45	$110.72

Subtotal: $184.23
GST: $69.02
Total: $677.63",Invoice,0
"TAX INVOICE
Number: INV1032
Date: 2025-12-06

Bill To: Client C

Item 1	1	$58.24	$450.78
Item 2	2	$98.94	$413.41
Item 3	2	$68.58	$277.19
Item 4	3	$44.69	$140.16

Subtotal: $483.88
GST: $16.33
Total: $238.22",Invoice,0
"TAX INVOICE
Number: INV1033
Date: 2025-11-22

Bill To: Client B

Item 1	5	$78.60	$157.76
Item 2	3	$31.57	$173.88
Item 3	2	$97.55	$241.03

Subtotal: $632.38
GST: $41.88
Total: $132.16",Invoice,0
"Invoice #INV1034
Date: 2025-12-14
Vendor: ABC Corp
To: Client D

Description	Quantity	Unit Price	Amount
Item 1	2	$79.59	$415.92
Item 2	2	$38.52	$162.25
Item 3	1	$24.42	$49.07

Subtotal: $392.06
Tax: $52.86
Total: $238.51",Invoice,0
"TAX INVOICE
Number: INV1035
Date: 2025-12-14

Bill To: Client B

Item 1	4	$92.63	$413.09
Item 2	4	$61.23	$452.10
Item 3	2	$41.23	$271.53
Item 4	3	$99.14	$467.68

Subtotal: $255.39
GST: $38.12
Total: $793.53",Invoice,0
"TAX INVOICE
Number: INV1036
Date: 2025-12-09

Bill To: Client A

Item 1	3	$41.69	$103.28
Item 2	2	$61.89	$25.54
Item 3	5	$56.13	$157.76

Subtotal: $751.25
GST: $27.57
Total: $736.23",Invoice,0
"Invoice #INV1037
Date: 2025-11-28
Vendor: Global Supplies
To: Client A

Description	Quantity	Unit Price	Amount
Item 1	2	$12.85	$289.93
Item 2	2	$10.65	$11.05
Item 3	3	$25.94	$188.47
Item 4	2	$11.04	$174.53

Subtotal: $407.73
Tax: $56.89
Total: $232.83",Invoice,0
"Invoice #INV1038
Date: 2025-11-26
Vendor: Tech Solutions Inc
To: Client A

Description	Quantity	Unit Price	Amount
Item 1	5	$54.44	$186.22
Item 2	5	$61.90	$197.07
Item 3	1	$31.98	$339.59
Item 4	2	$67.33	$247.98

Subtotal: $366.63
Tax: $38.37
Total: $355.69",Invoice,0
"TAX INVOICE
Number: INV1039
Date: 2025-12-17

Bill To: Client C

Item 1	1	$22.92	$51.69
Item 2	4	$69.64	$433.15
Item 3	3	$29.46	$459.38

Subtotal: $112.64
GST: $36.58
Total: $208.27",Invoice,0
"TAX INVOICE
Number: INV1040
Date: 2025-12-04

Bill To: Client B

Item 1	1	$14.81	$339.31
Item 2	2	$25.04	$301.85
Item 3	3	$31.45	$119.42
Item 4	1	$82.80	$210.85
Item 5	1	$17.80	$429.01

Subtotal: $341.38
GST: $47.20
Total: $303.58",Invoice,0
"INVOICE
Invoice No: INV-INV1041
Invoice Date: 2025-12-02
Due Date: 2026-01-19

From: XYZ Ltd
To: Client B

Items:
Item 1	4	$70.61	$44.40
Item 2	1	$30.21	$217.86

Total Amount Due: $288.55",Invoice,0
"Invoice #INV1042
Date: 2025-12-06
Vendor: ABC Corp
To: Client A

Description	Quantity	Unit Price	Amount
Item 1	4	$81.77	$276.70

Subtotal: $927.23
Tax: $37.10
Total: $337.51",Invoice,0
"TAX INVOICE
Number: INV1043
Date: 2025-11-22

Bill To: Client C

Item 1	3	$97.29	$99.52
Item 2	3	$38.76	$60.63

Subtotal: $751.91
GST: $56.75
Total: $986.70",Invoice,0
"Invoice #INV1044
Date: 2025-11-26
Vendor: XYZ Ltd
To: Client D

Description	Quantity	Unit Price	Amount
Item 1	5	$17.29	$287.54
Item 2	5	$50.86	$105.73
Item 3	5	$89.19	$212.67
Item 4	1	$47.52	$467.41

Subtotal: $780.79
Tax: $73.94
Total: $328.79",Invoice,0
"INVOICE
Invoice No: INV-INV1045
Invoice Date: 2025-12-02
Due Date: 2026-01-19

From: Tech Solutions Inc
To: Client A

Items:
Item 1	1	$24.66	$280.98
Item 2	3	$21.10	$451.69

Total Amount Due: $750.74",Invoice,0
"TAX INVOICE
Number: INV1046
Date: 2025-12-17

Bill To: Client A

Item 1	1	$79.74	$29.93
Item 2	3	$91.13	$39.58
Item 3	4	$71.52	$92.67

Subtotal: $137.84
GST: $92.96
Total: $333.61",Invoice,0
"INVOICE
Invoice No: INV-INV1047
Invoice Date: 2025-11-28
Due Date: 2026-01-19

From: XYZ Ltd
To: Client C

Items:
Item 1	5	$31.92	$36.71
Item 2	5	$52.07	$118.47
Item 3	3	$36.66	$294.11
Item 4	2	$15.94	$26.96

Total Amount Due: $1008.16",Invoice,0
"INVOICE
Invoice No: INV-INV1048
Invoice Date: 2025-12-10
Due Date: 2026-01-19

From: ABC Corp
To: Client D

Items:
Item 1	2	$94.61	$297.31

Total Amount Due: $460.99",Invoice,0
"Invoice #INV1049
Date: 2025-12-11
Vendor: Tech Solutions Inc
To: Client C

Description	Quantity	Unit Price	Amount
Item 1	2	$57.08	$393.50
Item 2	1	$26.84	$413.35
Item 3	2	$45.37	$294.90
Item 4	2	$58.41	$391.16

Subtotal: $241.01
Tax: $75.74
Total: $248.05",Invoice,0
"CURRICULUM VITAE
Sarah Williams

Professional Experience:
2020 - Present: Senior Developer at XYZ Ltd
2019 - Present: Senior Developer at Global Supplies

Education:
University of Michigan - PhD in Mathematics

Technical Skills: Python, Machine Learning, SQL",Resume,3
"RESUME
Name: John Smith
Email: emma.johnson@email.com
Phone: +1-674-450-8563

SUMMARY
Experienced professional with 15 years in product management

EXPERIENCE
2020 - Present: Senior Analyst at XYZ Ltd
2019 - Present: Senior Analyst at Global Supplies

EDUCATION
University of Texas - MS in Engineering

SKILLS
React, Node.js, MongoDB",Resume,3
"PROFESSIONAL PROFILE
John Smith

Work History:
2020 - Present: Senior Engineer at Tech Solutions Inc
2019 - Present: Senior Developer at Global Supplies

Qualifications:
University of Texas - BS in Computer Science

Core Competencies: React, Node.js, MongoDB",Resume,3
"CURRICULUM VITAE
Michael Chen

Professional Experience:
2020 - Present: Senior Analyst at ABC Corp
2019 - Present: Senior Engineer at XYZ Ltd

Education:
University of California - PhD in Engineering

Technical Skills: Python, Machine Learning, SQL",Resume,3
"RESUME
Name: Michael Chen
Email: john.smith@email.com
Phone: +1-668-789-1503

SUMMARY
Experienced professional with 3 years in product management

EXPERIENCE
2020 - Present: Senior Developer at XYZ Ltd
2019 - Present: Senior Developer at XYZ Ltd
2018 - Present: Senior Engineer at Tech Solutions Inc

EDUCATION
University of Texas - MS in Mathematics

SKILLS
Java, Spring Boot, AWS",Resume,3
"CURRICULUM VITAE
Emma Johnson

Professional Experience:
2020 - Present: Senior Developer at Tech Solutions Inc

Education:
University of Texas - MS in Engineering

Technical Skills: Python, Machine Learning, SQL",Resume,3
"CURRICULUM VITAE
Emma Johnson

Professional Experience:
2020 - Present: Senior Analyst at XYZ Ltd
2019 - Present: Senior Developer at Global Supplies

Education:
University of Texas - MS in Mathematics

Technical Skills: Python, Machine Learning, SQL",Resume,3
"RESUME
Name: Sarah Williams
Email: emma.johnson@email.com
Phone: +1-309-897-9619

SUMMARY
Experienced professional with 13 years in product management

EXPERIENCE
2020 - Present: Senior Analyst at XYZ Ltd
2019 - Present: Senior Developer at ABC Corp
2018 - Present: Senior Developer at XYZ Ltd

EDUCATION
University of California - MS in Mathematics

SKILLS
Python, Machine Learning, SQL",Resume,3
"CURRICULUM VITAE
Michael Chen

Professional Experience:
2020 - Present: Senior Analyst at ABC Corp
2019 - Present: Senior Analyst at XYZ Ltd

Education:
University of Michigan - MS in Computer Science

Technical Skills: React, Node.js, MongoDB",Resume,3
"RESUME
Name: Sarah Williams
Email: emma.johnson@email.com
Phone: +1-368-883-7659

SUMMARY
Experienced professional with 5 years in data science

EXPERIENCE
2020 - Present: Senior Developer at Global Supplies

EDUCATION
University of Texas - MS in Computer Science

SKILLS
Python, Machine Learning, SQL",Resume,3
"PROFESSIONAL PROFILE
Sarah Williams

Work History:
2020 - Present: Senior Engineer at Tech Solutions Inc

Qualifications:
University of Texas - BS in Computer Science

Core Competencies: React, Node.js, MongoDB",Resume,3
"PROFESSIONAL PROFILE
Michael Chen

Work History:
2020 - Present: Senior Engineer at Tech Solutions Inc
2019 - Present: Senior Engineer at ABC Corp

Qualifications:
University of Texas - MS in Engineering

Core Competencies: Java, Spring Boot, AWS",Resume,3
"PROFESSIONAL PROFILE
Michael Chen

Work History:
2020 - Present: Senior Engineer at ABC Corp
2019 - Present: Senior Analyst at Tech Solutions Inc

Qualifications:
University of Texas - BS in Mathematics

Core Competencies: Python, Machine Learning, SQL",Resume,3
"PROFESSIONAL PROFILE
John Smith

Work History:
2020 - Present: Senior Analyst at XYZ Ltd
2019 - Present: Senior Engineer at Tech Solutions Inc

Qualifications:
University of Texas - MS in Engineering

Core Competencies: React, Node.js, MongoDB",Resume,3
"PROFESSIONAL PROFILE
Emma Johnson

Work History:
2020 - Present: Senior Developer at XYZ Ltd
2019 - Present: Senior Engineer at ABC Corp
2018 - Present: Senior Analyst at XYZ Ltd

Qualifications:
University of Texas - MS in Mathematics

Core Competencies: React, Node.js, MongoDB",Resume,3
"PROFESSIONAL PROFILE
Sarah Williams

Work History:
2020 - Present: Senior Engineer at Global Supplies

Qualifications:
University of Texas - MS in Mathematics

Core Competencies: Python, Machine Learning, SQL",Resume,3
"CURRICULUM VITAE
Sarah Williams

Professional Experience:
2020 - Present: Senior Engineer at Tech Solutions Inc

Education:
University of Texas - BS in Engineering

Technical Skills: Java, Spring Boot, AWS",Resume,3
"CURRICULUM VITAE
John Smith

Professional Experience:
2020 - Present: Senior Engineer at Tech Solutions Inc

Education:
University of Texas - PhD in Engineering

Technical Skills: React, Node.js, MongoDB",Resume,3
"PROFESSIONAL PROFILE
Sarah Williams

Work History:
2020 - Present: Senior Analyst at Global Supplies

Qualifications:
University of Michigan - PhD in Engineering

Core Competencies: React, Node.js, MongoDB",Resume,3
"PROFESSIONAL PROFILE
Michael Chen

Work History:
2020 - Present: Senior Engineer at Tech Solutions Inc

Qualifications:
University of Texas - MS in Mathematics

Core Competencies: React, Node.js, MongoDB",Resume,3
"CURRICULUM VITAE
John Smith

Professional Experience:
2020 - Present: Senior Analyst at Tech Solutions Inc
2019 - Present: Senior Analyst at XYZ Ltd
2018 - Present: Senior Developer at ABC Corp

Education:
University of Texas - MS in Computer Science

Technical Skills: Python, Machine Learning, SQL",Resume,3
"RESUME
Name: John Smith
Email: michael.chen@email.com
Phone: +1-480-161-1727

SUMMARY
Experienced professional with 6 years in software development

EXPERIENCE
2020 - Present: Senior Analyst at Tech Solutions Inc
2019 - Present: Senior Analyst at Tech Solutions Inc
2018 - Present: Senior Developer at XYZ Ltd

EDUCATION
University of California - MS in Mathematics

SKILLS
Java, Spring Boot, AWS",Resume,3
"RESUME
Name: Sarah Williams
Email: michael.chen@email.com
Phone: +1-917-493-3060

SUMMARY
Experienced professional with 14 years in data science

EXPERIENCE
2020 - Present: Senior Engineer at XYZ Ltd
2019 - Present: Senior Developer at Global Supplies
2018 - Present: Senior Engineer at ABC Corp

EDUCATION
University of California - PhD in Computer Science

SKILLS
Python, Machine Learning, SQL",Resume,3
"CURRICULUM VITAE
Emma Johnson

Professional Experience:
2020 - Present: Senior Analyst at ABC Corp
2019 - Present: Senior Developer at XYZ Ltd

Education:
University of California - BS in Engineering

Technical Skills: Python, Machine Learning, SQL",Resume,3
"PROFESSIONAL PROFILE
Sarah Williams

Work History:
2020 - Present: Senior Engineer at Tech Solutions Inc
2019 - Present: Senior Developer at ABC Corp
2018 - Present: Senior Analyst at ABC Corp

Qualifications:
University of Michigan - MS in Engineering

Core Competencies: Java, Spring Boot, AWS",Resume,3
"RESUME
Name: Michael Chen
Email: john.smith@email.com
Phone: +1-706-609-5431

SUMMARY
Experienced professional with 10 years in data science

EXPERIENCE
2020 - Present: Senior Analyst at ABC Corp
2019 - Present: Senior Developer at XYZ Ltd
2018 - Present: Senior Developer at XYZ Ltd

EDUCATION
University of Michigan - MS in Mathematics

SKILLS
Java, Spring Boot, AWS",Resume,3
"PROFESSIONAL PROFILE
Sarah Williams

Work History:
2020 - Present: Senior Engineer at ABC Corp

Qualifications:
University of Michigan - PhD in Mathematics

Core Competencies: Java, Spring Boot, AWS",Resume,3
"RESUME
Name: Emma Johnson
Email: michael.chen@email.com
Phone: +1-924-104-1335

SUMMARY
Experienced professional with 3 years in data science

EXPERIENCE
2020 - Present: Senior Analyst at Tech Solutions Inc
2019 - Present: Senior Developer at XYZ Ltd

EDUCATION
University of Texas - BS in Mathematics

SKILLS
React, Node.js, MongoDB",Resume,3
"PROFESSIONAL PROFILE
Emma Johnson

Work History:
2020 - Present: Senior Analyst at ABC Corp
2019 - Present: Senior Analyst at Global Supplies
2018 - Present: Senior Engineer at Tech Solutions Inc

Qualifications:
University of California - MS in Engineering

Core Competencies: React, Node.js, MongoDB",Resume,3
"CURRICULUM VITAE
Emma Johnson

Professional Experience:
2020 - Present: Senior Analyst at XYZ Ltd

Education:
University of Texas - BS in Engineering

Technical Skills: Python, Machine Learning, SQL",Resume,3
"CURRICULUM VITAE
Emma Johnson

Professional Experience:
2020 - Present: Senior Engineer at Global Supplies
2019 - Present: Senior Developer at XYZ Ltd
2018 - Present: Senior Analyst at Global Supplies

Education:
University of California - PhD in Engineering

Technical Skills: React, Node.js, MongoDB",Resume,3
"CURRICULUM VITAE
Emma Johnson

Professional Experience:
2020 - Present: Senior Engineer at XYZ Ltd
2019 - Present: Senior Analyst at Tech Solutions Inc

Education:
University of Michigan - PhD in Engineering

Technical Skills: React, Node.js, MongoDB",Resume,3
"RESUME
Name: Emma Johnson
Email: john.smith@email.com
Phone: +1-522-345-7780

SUMMARY
Experienced professional with 15 years in product management

EXPERIENCE
2020 - Present: Senior Analyst at Tech Solutions Inc

EDUCATION
University of California - PhD in Computer Science

SKILLS
React, Node.js, MongoDB",Resume,3
"RESUME
Name: John Smith
Email: john.smith@email.com
Phone: +1-268-374-6603

SUMMARY
Experienced professional with 3 years in software development

EXPERIENCE
2020 - Present: Senior Analyst at Tech Solutions Inc
2019 - Present: Senior Engineer at Global Supplies

EDUCATION
University of Texas - PhD in Computer Science

SKILLS
Python, Machine Learning, SQL",Resume,3
"PROFESSIONAL PROFILE
John Smith

Work History:
2020 - Present: Senior Developer at XYZ Ltd
2019 - Present: Senior Analyst at Tech Solutions Inc

Qualifications:
University of Michigan - PhD in Mathematics

Core Competencies: Java, Spring Boot, AWS",Resume,3
"CURRICULUM VITAE
Emma Johnson

Professional Experience:
2020 - Present: Senior Analyst at Global Supplies
2019 - Present: Senior Engineer at XYZ Ltd
2018 - Present: Senior Engineer at Tech Solutions Inc

Education:
University of California - PhD in Mathematics

Technical Skills: Java, Spring Boot, AWS",Resume,3
"RESUME
Name: John Smith
Email: john.smith@email.com
Phone: +1-360-112-6213

SUMMARY
Experienced professional with 12 years in software development

EXPERIENCE
2020 - Present: Senior Developer at XYZ Ltd
2019 - Present: Senior Developer at Global Supplies

EDUCATION
University of Michigan - MS in Mathematics

SKILLS
React, Node.js, MongoDB",Resume,3
"CURRICULUM VITAE
Emma Johnson

Professional Experience:
2020 - Present: Senior Engineer at Tech Solutions Inc

Education:
University of Michigan - PhD in Computer Science

Technical Skills: React, Node.js, MongoDB",Resume,3
"CURRICULUM VITAE
Michael Chen

Professional Experience:
2020 - Present: Senior Engineer at ABC Corp

Education:
University of Texas - BS in Engineering

Technical Skills: Java, Spring Boot, AWS",Resume,3
"PROFESSIONAL PROFILE
John Smith

Work History:
2020 - Present: Senior Engineer at Global Supplies
2019 - Present: Senior Developer at Global Supplies

Qualifications:
University of Texas - MS in Computer Science

Core Competencies: Python, Machine Learning, SQL",Resume,3
"RESUME
Name: John Smith
Email: sarah.williams@email.com
Phone: +1-215-295-3781

SUMMARY
Experienced professional with 14 years in software development

EXPERIENCE
2020 - Present: Senior Engineer at ABC Corp
2019 - Present: Senior Engineer at Global Supplies
2018 - Present: Senior Engineer at ABC Corp

EDUCATION
University of Michigan - PhD in Mathematics

SKILLS
Java, Spring Boot, AWS",Resume,3
"PROFESSIONAL PROFILE
John Smith

Work History:
2020 - Present: Senior Engineer at XYZ Ltd
2019 - Present: Senior Analyst at Tech Solutions Inc

Qualifications:
University of Michigan - BS in Engineering

Core Competencies: Java, Spring Boot, AWS",Resume,3
"CURRICULUM VITAE
Michael Chen

Professional Experience:
2020 - Present: Senior Developer at ABC Corp

Education:
University of Texas - MS in Mathematics

Technical Skills: React, Node.js, MongoDB",Resume,3
"PROFESSIONAL PROFILE
Sarah Williams

Work History:
2020 - Present: Senior Developer at XYZ Ltd

Qualifications:
University of California - MS in Engineering

Core Competencies: Python, Machine Learning, SQL",Resume,3
"PROFESSIONAL PROFILE
Sarah Williams

Work History:
2020 - Present: Senior Developer at Tech Solutions Inc
2019 - Present: Senior Developer at XYZ Ltd

Qualifications:
University of Michigan - PhD in Computer Science

Core Competencies: Python, Machine Learning, SQL",Resume,3
"PROFESSIONAL PROFILE
Emma Johnson

Work History:
2020 - Present: Senior Developer at ABC Corp
2019 - Present: Senior Analyst at Tech Solutions Inc

Qualifications:
University of Texas - MS in Mathematics

Core Competencies: React, Node.js, MongoDB",Resume,3
"CURRICULUM VITAE
Sarah Williams

Professional Experience:
2020 - Present: Senior Developer at Tech Solutions Inc

Education:
University of Texas - MS in Mathematics

Technical Skills: React, Node.js, MongoDB",Resume,3
"RESUME
Name: Sarah Williams
Email: sarah.williams@email.com
Phone: +1-738-667-6662

SUMMARY
Experienced professional with 10 years in product management

EXPERIENCE
2020 - Present: Senior Analyst at Tech Solutions Inc

EDUCATION
University of Texas - BS in Computer Science

SKILLS
React, Node.js, MongoDB",Resume,3
"CURRICULUM VITAE
Sarah Williams

Professional Experience:
2020 - Present: Senior Analyst at Global Supplies
2019 - Present: Senior Engineer at ABC Corp
2018 - Present: Senior Developer at Global Supplies

Education:
University of Michigan - BS in Engineering

Technical Skills: Java, Spring Boot, AWS",Resume,3
"PROFESSIONAL PROFILE
Emma Johnson

Work History:
2020 - Present: Senior Analyst at Tech Solutions Inc

Qualifications:
University of California - BS in Engineering

Core Competencies: React, Node.js, MongoDB",Resume,3
"CONTRACT
Contract No: CON5100
Effective Date: 2025-10-26

Between: ABC Corp
And: Client D

1. Payment Terms: Limited to contract value
2. Confidentiality: May be terminated with 30 days notice
3. Liability: Limited to contract value
4. Confidentiality: May be terminated with 30 days notice

This contract shall be governed by the laws of Texas.",Legal Document,1
"NON-DISCLOSURE AGREEMENT
This NDA is entered into on 2025-04-21.

Confidential Information: Proprietary data and trade secrets

Obligations: Recipient shall not disclose

Term: This agreement shall remain in effect for 2 years.",Legal Document,1
"AGREEMENT
This Agreement is made on 2025-01-28 between Tech Solutions Inc and Client D.

TERMS AND CONDITIONS
1. Payment Terms: Limited to contract value
2. Payment Terms: Due within 30 days
3. Termination: Shall remain confidential
4. Termination: Due within 30 days

IN WITNESS WHEREOF, the parties have executed this Agreement as of the date first above written.",Legal Document,1
"NON-DISCLOSURE AGREEMENT
This NDA is entered into on 2025-09-12.

Confidential Information: All technical and business information

Obligations: Recipient shall protect with reasonable care

Term: This agreement shall remain in effect for 3 years.",Legal Document,1
"AGREEMENT
This Agreement is made on 2025-10-30 between Global Supplies and Client D.

TERMS AND CONDITIONS
1. Confidentiality: May be terminated with 30 days notice
2. Termination: May be terminated with 30 days notice
3. Termination: Shall remain confidential
4. Confidentiality: Limited to contract value
5. Termination: Limited to contract value
6. Liability: Shall remain confidential

IN WITNESS WHEREOF, the parties have executed this Agreement as of the date first above written.",Legal Document,1
"AGREEMENT
This Agreement is made on 2024-12-31 between Tech Solutions Inc and Client C.

TERMS AND CONDITIONS
1. Payment Terms: May be terminated with 30 days notice
2. Liability: May be terminated with 30 days notice
3. Termination: Due within 30 days
4. Termination: Shall remain confidential

IN WITNESS WHEREOF, the parties have executed this Agreement as of the date first above written.",Legal Document,1
"AGREEMENT
This Agreement is made on 2025-09-10 between Global Supplies and Client A.

TERMS AND CONDITIONS
1. Payment Terms: May be terminated with 30 days notice
2. Confidentiality: Shall remain confidential
3. Termination: Shall remain confidential

IN WITNESS WHEREOF, the parties have executed this Agreement as of the date first above written.",Legal Document,1
"NON-DISCLOSURE AGREEMENT
This NDA is entered into on 2025-04-24.

Confidential Information: All technical and business information

Obligations: Recipient shall protect with reasonable care

Term: This agreement shall remain in effect for 5 years.",Legal Document,1
"CONTRACT
Contract No: CON5108
Effective Date: 2025-03-20

Between: Global Supplies
And: Client B

1. Confidentiality: May be terminated with 30 days notice
2. Liability: Shall remain confidential
3. Confidentiality: May be terminated with 30 days notice

This contract shall be governed by the laws of Texas.",Legal Document,1
"AGREEMENT
This Agreement is made on 2025-01-11 between Global Supplies and Client C.

TERMS AND CONDITIONS
1. Liability: Limited to contract value
2. Confidentiality: May be terminated with 30 days notice
3. Confidentiality: Shall remain confidential
4. Liability: Limited to contract value
5. Confidentiality: Due within 30 days
6. Payment Terms: Due within 30 days

IN WITNESS WHEREOF, the parties have executed this Agreement as of the date first above written.",Legal Document,1
"NON-DISCLOSURE AGREEMENT
This NDA is entered into on 2025-01-15.

Confidential Information: Proprietary data and trade secrets

Obligations: Recipient shall protect with reasonable care

Term: This agreement shall remain in effect for 4 years.",Legal Document,1
"CONTRACT
Contract No: CON5111
Effective Date: 2025-09-30

Between: XYZ Ltd
And: Client C

1. Liability: Limited to contract value
2. Termination: May be terminated with 30 days notice
3. Termination: Shall remain confidential

This contract shall be governed by the laws of California.",Legal Document,1
"NON-DISCLOSURE AGREEMENT
This NDA is entered into on 2025-11-06.

Confidential Information: All technical and business information

Obligations: Recipient shall not disclose

Term: This agreement shall remain in effect for 1 years.",Legal Document,1
"NON-DISCLOSURE AGREEMENT
This NDA is entered into on 2025-01-13.

Confidential Information: All technical and business information

Obligations: Recipient shall protect with reasonable care

Term: This agreement shall remain in effect for 4 years.",Legal Document,1
"NON-DISCLOSURE AGREEMENT
This NDA is entered into on 2025-03-12.

Confidential Information: All technical and business information

Obligations: Recipient shall not disclose

Term: This agreement shall remain in effect for 1 years.",Legal Document,1
"AGREEMENT
This Agreement is made on 2025-03-26 between ABC Corp and Client C.

TERMS AND CONDITIONS
1. Confidentiality: Limited to contract value
2. Payment Terms: Due within 30 days
3. Confidentiality: May be terminated with 30 days notice
4. Termination: Due within 30 days

IN WITNESS WHEREOF, the parties have executed this Agreement as of the date first above written.",Legal Document,1
"AGREEMENT
This Agreement is made on 2025-03-11 between ABC Corp and Client C.

TERMS AND CONDITIONS
1. Termination: May be terminated with 30 days notice
2. Termination: Shall remain confidential
3. Termination: Limited to contract value
4. Payment Terms: Due within 30 days
5. Confidentiality: May be terminated with 30 days notice

IN WITNESS WHEREOF, the parties have executed this Agreement as of the date first above written.",Legal Document,1
"CONTRACT
Contract No: CON5117
Effective Date: 2025-07-21

Between: ABC Corp
And: Client C

1. Payment Terms: May be terminated with 30 days notice
2. Confidentiality: May be terminated with 30 days notice
3. Termination: Limited to contract value
4. Confidentiality: May be terminated with 30 days notice
5. Termination: Limited to contract value
6. Payment Terms: May be terminated with 30 days notice

This contract shall be governed by the laws of Texas.",Legal Document,1
"NON-DISCLOSURE AGREEMENT
This NDA is entered into on 2025-04-13.

Confidential Information: Proprietary data and trade secrets

Obligations: Recipient shall not disclose

Term: This agreement shall remain in effect for 2 years.",Legal Document,1
"NON-DISCLOSURE AGREEMENT
This NDA is entered into on 2025-10-01.

Confidential Information: All technical and business information

Obligations: Recipient shall protect with reasonable care

Term: This agreement shall remain in effect for 4 years.",Legal Document,1
"CONTRACT
Contract No: CON5120
Effective Date: 2025-07-30

Between: Tech Solutions Inc
And: Client C

1. Termination: Due within 30 days
2. Termination: Limited to contract value
3. Termination: Due within 30 days
4. Payment Terms: Limited to contract value

This contract shall be governed by the laws of Texas.",Legal Document,1
"AGREEMENT
This Agreement is made on 2025-03-05 between Global Supplies and Client B.

TERMS AND CONDITIONS
1. Payment Terms: May be terminated with 30 days notice
2. Confidentiality: May be terminated with 30 days notice
3. Confidentiality: Limited to contract value
4. Payment Terms: Shall remain confidential
5. Payment Terms: Due within 30 days
6. Confidentiality: Limited to contract value

IN WITNESS WHEREOF, the parties have executed this Agreement as of the date first above written.",Legal Document,1
"CONTRACT
Contract No: CON5122
Effective Date: 2025-05-26

Between: XYZ Ltd
And: Client C

1. Termination: May be terminated with 30 days notice
2. Termination: May be terminated with 30 days notice
3. Liability: Limited to contract value
4. Termination: Limited to contract value
5. Confidentiality: Due within 30 days

This contract shall be governed by the laws of California.",Legal Document,1
"AGREEMENT
This Agreement is made on 2025-07-07 between Tech Solutions Inc and Client B.

TERMS AND CONDITIONS
1. Liability: Due within 30 days
2. Confidentiality: Shall remain confidential
3. Liability: Due within 30 days
4. Termination: Due within 30 days
5. Payment Terms: Shall remain confidential
6. Liability: Due within 30 days

IN WITNESS WHEREOF, the parties have executed this Agreement as of the date first above written.",Legal Document,1
"CONTRACT
Contract No: CON5124
Effective Date: 2025-03-06

Between: Global Supplies
And: Client A

1. Termination: Limited to contract value
2. Payment Terms: May be terminated with 30 days notice
3. Confidentiality: Shall remain confidential
4. Payment Terms: May be terminated with 30 days notice
5. Payment Terms: May be terminated with 30 days notice
6. Liability: Due within 30 days

This contract shall be governed by the laws of California.",Legal Document,1
"NON-DISCLOSURE AGREEMENT
This NDA is entered into on 2025-01-04.

Confidential Information: Proprietary data and trade secrets

Obligations: Recipient shall protect with reasonable care

Term: This agreement shall remain in effect for 2 years.",Legal Document,1
"CONTRACT
Contract No: CON5126
Effective Date: 2025-08-18

Between: ABC Corp
And: Client A

1. Liability: Due within 30 days
2. Confidentiality: May be terminated with 30 days notice
3. Termination: Limited to contract value
4. Confidentiality: Shall remain confidential

This contract shall be governed by the laws of New York.",Legal Document,1
"AGREEMENT
This Agreement is made on 2025-04-29 between Global Supplies and Client C.

TERMS AND CONDITIONS
1. Termination: May be terminated with 30 days notice
2. Payment Terms: May be terminated with 30 days notice
3. Confidentiality: Limited to contract value
4. Liability: Limited to contract value
5. Liability: Limited to contract value
6. Liability: Limited to contract value

IN WITNESS WHEREOF, the parties have executed this Agreement as of the date first above written.",Legal Document,1
"AGREEMENT
This Agreement is made on 2025-07-30 between ABC Corp and Client D.

TERMS AND CONDITIONS
1. Payment Terms: May be terminated with 30 days notice
2. Termination: May be terminated with 30 days notice
3. Payment Terms: Due within 30 days
4. Payment Terms: Shall remain confidential

IN WITNESS WHEREOF, the parties have executed this Agreement as of the date first above written.",Legal Document,1
"NON-DISCLOSURE AGREEMENT
This NDA is entered into on 2025-11-16.

Confidential Information: Proprietary data and trade secrets

Obligations: Recipient shall protect with reasonable care

Term: This agreement shall remain in effect for 3 years.",Legal Document,1
"NON-DISCLOSURE AGREEMENT
This NDA is entered into on 2025-09-25.

Confidential Information: Proprietary data and trade secrets

Obligations: Recipient shall protect with reasonable care

Term: This agreement shall remain in effect for 1 years.",Legal Document,1
"AGREEMENT
This Agreement is made on 2025-07-26 between ABC Corp and Client D.

TERMS AND CONDITIONS
1. Confidentiality: Limited to contract value
2. Termination: Due within 30 days
3. Termination: Limited to contract value
4. Confidentiality: Limited to contract value

IN WITNESS WHEREOF, the parties have executed this Agreement as of the date first above written.",Legal Document,1
"CONTRACT
Contract No: CON5132
Effective Date: 2025-04-16

Between: XYZ Ltd
And: Client B

1. Confidentiality: May be terminated with 30 days notice
2. Payment Terms: Due within 30 days
3. Termination: Limited to contract value
4. Liability: Limited to contract value

This contract shall be governed by the laws of Texas.",Legal Document,1
"CONTRACT
Contract No: CON5133
Effective Date: 2025-10-21

Between: ABC Corp
And: Client D

1. Confidentiality: May be terminated with 30 days notice
2. Confidentiality: Limited to contract value
3. Payment Terms: May be terminated with 30 days notice
4. Liability: Limited to contract value
5. Payment Terms: May be terminated with 30 days notice

This contract shall be governed by the laws of Texas.",Legal Document,1
"NON-DISCLOSURE AGREEMENT
This NDA is entered into on 2025-09-30.

Confidential Information: Proprietary data and trade secrets

Obligations: Recipient shall not disclose

Term: This agreement shall remain in effect for 3 years.",Legal Document,1
"NON-DISCLOSURE AGREEMENT
This NDA is entered into on 2024-12-21.

Confidential Information: Proprietary data and trade secrets

Obligations: Recipient shall protect with reasonable care

Term: This agreement shall remain in effect for 3 years.",Legal Document,1
"CONTRACT
Contract No: CON5136
Effective Date: 2025-09-27

Between: ABC Corp
And: Client D

1. Payment Terms: Due within 30 days
2. Confidentiality: Due within 30 days
3. Payment Terms: Due within 30 days

This contract shall be governed by the laws of Texas.",Legal Document,1
"CONTRACT
Contract No: CON5137
Effective Date: 2025-09-19

Between: ABC Corp
And: Client A

1. Payment Terms: May be terminated with 30 days notice
2. Liability: Due within 30 days
3. Confidentiality: Shall remain confidential
4. Liability: May be terminated with 30 days notice
5. Termination: Due within 30 days

This contract shall be governed by the laws of New York.",Legal Document,1
"CONTRACT
Contract No: CON5138
Effective Date: 2025-07-10

Between: Tech Solutions Inc
And: Client C

1. Payment Terms: Shall remain confidential
2. Confidentiality: Shall remain confidential
3. Termination: Due within 30 days
4. Liability: May be terminated with 30 days notice
5. Confidentiality: Due within 30 days
6. Liability: May be terminated with 30 days notice

This contract shall be governed by the laws of New York.",Legal Document,1
"NON-DISCLOSURE AGREEMENT
This NDA is entered into on 2025-09-06.

Confidential Information: Proprietary data and trade secrets

Obligations: Recipient shall protect with reasonable care

Term: This agreement shall remain in effect for 1 years.",Legal Document,1
"AGREEMENT
This Agreement is made on 2025-02-16 between ABC Corp and Client A.

TERMS AND CONDITIONS
1. Liability: May be terminated with 30 days notice
2. Termination: May be terminated with 30 days notice
3. Payment Terms: Due within 30 days

IN WITNESS WHEREOF, the parties have executed this Agreement as of the date first above written.",Legal Document,1
"CONTRACT
Contract No: CON5141
Effective Date: 2025-03-20

Between: Tech Solutions Inc
And: Client D

1. Payment Terms: Shall remain confidential
2. Payment Terms: Due within 30 days
3. Liability: May be terminated with 30 days notice
4. Termination: May be terminated with 30 days notice
5. Liability: Limited to contract value

This contract shall be governed by the laws of New York.",Legal Document,1
"AGREEMENT
This Agreement is made on 2025-07-26 between ABC Corp and Client B.

TERMS AND CONDITIONS
1. Liability: Shall remain confidential
2. Liability: Shall remain confidential
3. Termination: Due within 30 days

IN WITNESS WHEREOF, the parties have executed this Agreement as of the date first above written.",Legal Document,1
"AGREEMENT
This Agreement is made on 2025-09-23 between Global Supplies and Client A.

TERMS AND CONDITIONS
1. Termination: Shall remain confidential
2. Confidentiality: Due within 30 days
3. Confidentiality: May be terminated with 30 days notice
4. Liability: Due within 30 days
5. Payment Terms: Shall remain confidential

IN WITNESS WHEREOF, the parties have executed this Agreement as of the date first above written.",Legal Document,1
"AGREEMENT
This Agreement is made on 2025-11-02 between XYZ Ltd and Client D.

TERMS AND CONDITIONS
1. Payment Terms: Shall remain confidential
2. Payment Terms: May be terminated with 30 days notice
3. Confidentiality: May be terminated with 30 days notice
4. Confidentiality: May be terminated with 30 days notice

IN WITNESS WHEREOF, the parties have executed this Agreement as of the date first above written.",Legal Document,1
"NON-DISCLOSURE AGREEMENT
This NDA is entered into on 2025-06-19.

Confidential Information: All technical and business information

Obligations: Recipient shall not disclose

Term: This agreement shall remain in effect for 2 years.",Legal Document,1
"CONTRACT
Contract No: CON5146
Effective Date: 2025-11-07

Between: XYZ Ltd
And: Client A

1. Termination: May be terminated with 30 days notice
2. Termination: Due within 30 days
3. Liability: Shall remain confidential

This contract shall be governed by the laws of Texas.",Legal Document,1
"NON-DISCLOSURE AGREEMENT
This NDA is entered into on 2025-11-27.

Confidential Information: All technical and business information

Obligations: Recipient shall protect with reasonable care

Term: This agreement shall remain in effect for 3 years.",Legal Document,1
"CONTRACT
Contract No: CON5148
Effective Date: 2025-07-19

Between: Global Supplies
And: Client D

1. Termination: Due within 30 days
2. Payment Terms: Due within 30 days
3. Payment Terms: Shall remain confidential
4. Liability: Limited to contract value

This contract shall be governed by the laws of Texas.",Legal Document,1
"NON-DISCLOSURE AGREEMENT
This NDA is entered into on 2025-04-20.

Confidential Information: Proprietary data and trade secrets

Obligations: Recipient shall protect with reasonable care

Term: This agreement shall remain in effect for 4 years.",Legal Document,1
"Technology Sector Shows Strong Growth in Q1
By John Smith
December 15, 2025

Paragraph 1: Market reaction has been positive regarding the recent changes in the technology landscape.

Paragraph 2: This represents a major shift regarding the recent changes in the technology landscape.

Paragraph 3: Analysts are optimistic regarding the recent changes in the technology landscape.

Paragraph 4: This represents a major shift regarding the recent changes in the technology landscape.

In related news, similar trends were observed",News Article,2
"BREAKING: Politics Sector Shows Strong Growth in Q2

Paragraph 1: This represents a major shift regarding the recent changes in the politics landscape.

Paragraph 2: Experts caution about challenges regarding the recent changes in the politics landscape.

Paragraph 3: Experts caution about challenges regarding the recent changes in the politics landscape.

Paragraph 4: Analysts are optimistic regarding the recent changes in the politics landscape.

The development comes as markets adjust to new economic data.

Bloomberg reports that several firms announced earnings",News Article,2
"Business Sector Shows Strong Growth in Q3
By Emma Johnson
December 14, 2025

Paragraph 1: Market reaction has been positive regarding the recent changes in the business landscape.

Paragraph 2: Experts caution about challenges regarding the recent changes in the business landscape.

In related news, similar trends were observed",News Article,2
"Technology Sector Shows Strong Growth in Q1
By Emma Johnson
December 13, 2025

Paragraph 1: This represents a major shift regarding the recent changes in the technology landscape.

Paragraph 2: Analysts are optimistic regarding the recent changes in the technology landscape.

Paragraph 3: This represents a major shift regarding the recent changes in the technology landscape.

In related news, similar trends were observed",News Article,2
"Sports Sector Shows Strong Growth in Q4

San Francisco, December 16, 2025 - The sports industry reported significant developments this week as major companies announced new initiatives.

Paragraph 1: Market reaction has been positive regarding the recent changes in the sports landscape.

Paragraph 2: Experts caution about challenges regarding the recent changes in the sports landscape.

Paragraph 3: Market reaction has been positive regarding the recent changes in the sports landscape.

Paragraph 4: This represents a major shift regarding the recent changes in the sports landscape.

According to Reuters, experts predict continued growth",News Article,2
"BREAKING: Business Sector Shows Strong Growth in Q4

Paragraph 1: Analysts are optimistic regarding the recent changes in the business landscape.

Paragraph 2: Market reaction has been positive regarding the recent changes in the business landscape.

Paragraph 3: Market reaction has been positive regarding the recent changes in the business landscape.

Paragraph 4: Market reaction has been positive regarding the recent changes in the business landscape.

The development comes as regulators review recent developments.

Bloomberg reports that policy changes are under discussion",News Article,2
"Sports Sector Shows Strong Growth in Q4

New York, December 19, 2025 - The sports industry reported significant developments this week as major companies announced new initiatives.

Paragraph 1: Analysts are optimistic regarding the recent changes in the sports landscape.

Paragraph 2: This represents a major shift regarding the recent changes in the sports landscape.

According to Bloomberg, there may be regulatory challenges ahead",News Article,2
"BREAKING: Politics Sector Shows Strong Growth in Q1

Paragraph 1: Market reaction has been positive regarding the recent changes in the politics landscape.

Paragraph 2: This represents a major shift regarding the recent changes in the politics landscape.

Paragraph 3: Experts caution about challenges regarding the recent changes in the politics landscape.

The development comes as companies respond to changing consumer demand.

Reuters reports that investors reacted cautiously",News Article,2
"Technology Sector Shows Strong Growth in Q1
By Sarah Williams
December 13, 2025

Paragraph 1: Market reaction has been positive regarding the recent changes in the technology landscape.

Paragraph 2: Analysts are optimistic regarding the recent changes in the technology landscape.

In related news, similar trends were observed",News Article,2
"Sports Sector Shows Strong Growth in Q3
By Emma Johnson
December 17, 2025

Paragraph 1: This represents a major shift regarding the recent changes in the sports landscape.

Paragraph 2: Analysts are optimistic regarding the recent changes in the sports landscape.

In related news, other sectors also showed improvement",News Article,2
"BREAKING: Sports Sector Shows Strong Growth in Q1

Paragraph 1: Analysts are optimistic regarding the recent changes in the sports landscape.

Paragraph 2: Analysts are optimistic regarding the recent changes in the sports landscape.

The development comes as markets adjust to new economic data.

Reuters reports that several firms announced earnings",News Article,2
"BREAKING: Technology Sector Shows Strong Growth in Q1

Paragraph 1: Market reaction has been positive regarding the recent changes in the technology landscape.

Paragraph 2: Market reaction has been positive regarding the recent changes in the technology landscape.

The development comes as regulators review recent developments.

Reuters reports that policy changes are under discussion",News Article,2
"Technology Sector Shows Strong Growth in Q1
By John Smith
December 17, 2025

Paragraph 1: Experts caution about challenges regarding the recent changes in the technology landscape.

Paragraph 2: Experts caution about challenges regarding the recent changes in the technology landscape.

Paragraph 3: Analysts are optimistic regarding the recent changes in the technology landscape.

In related news, similar trends were observed",News Article,2
"Sports Sector Shows Strong Growth in Q3

New York, December 16, 2025 - The sports industry reported significant developments this week as major companies announced new initiatives.

Paragraph 1: Experts caution about challenges regarding the recent changes in the sports landscape.

Paragraph 2: Market reaction has been positive regarding the recent changes in the sports landscape.

According to Associated Press, experts predict continued growth",News Article,2
"Technology Sector Shows Strong Growth in Q4

San Francisco, December 19, 2025 - The technology industry reported significant developments this week as major companies announced new initiatives.

Paragraph 1: Experts caution about challenges regarding the recent changes in the technology landscape.

Paragraph 2: This represents a major shift regarding the recent changes in the technology landscape.

According to Associated Press, there may be regulatory challenges ahead",News Article,2
"Sports Sector Shows Strong Growth in Q4

New York, December 14, 2025 - The sports industry reported significant developments this week as major companies announced new initiatives.

Paragraph 1: This represents a major shift regarding the recent changes in the sports landscape.

Paragraph 2: This represents a major shift regarding the recent changes in the sports landscape.

Paragraph 3: Analysts are optimistic regarding the recent changes in the sports landscape.

According to Bloomberg, experts predict continued growth",News Article,2
"BREAKING: Politics Sector Shows Strong Growth in Q2

Paragraph 1: Market reaction has been positive regarding the recent changes in the politics landscape.

Paragraph 2: This represents a major shift regarding the recent changes in the politics landscape.

Paragraph 3: Analysts are optimistic regarding the recent changes in the politics landscape.

Paragraph 4: Analysts are optimistic regarding the recent changes in the politics landscape.

The development comes as regulators review recent developments.

Bloomberg reports that policy changes are under discussion",News Article,2
"Sports Sector Shows Strong Growth in Q4

London, December 15, 2025 - The sports industry reported significant developments this week as major companies announced new initiatives.

Paragraph 1: Analysts are optimistic regarding the recent changes in the sports landscape.

Paragraph 2: Analysts are optimistic regarding the recent changes in the sports landscape.

Paragraph 3: This represents a major shift regarding the recent changes in the sports landscape.

Paragraph 4: This represents a major shift regarding the recent changes in the sports landscape.

According to Reuters, experts predict continued growth",News Article,2
"Politics Sector Shows Strong Growth in Q4
By Emma Johnson
December 14, 2025

Paragraph 1: Analysts are optimistic regarding the recent changes in the politics landscape.

Paragraph 2: Experts caution about challenges regarding the recent changes in the politics landscape.

Paragraph 3: Analysts are optimistic regarding the recent changes in the politics landscape.

In related news, other sectors also showed improvement",News Article,2
"Technology Sector Shows Strong Growth in Q4
By Michael Chen
December 19, 2025

Paragraph 1: Market reaction has been positive regarding the recent changes in the technology landscape.

Paragraph 2: Market reaction has been positive regarding the recent changes in the technology landscape.

In related news, similar trends were observed",News Article,2
"Technology Sector Shows Strong Growth in Q1

New York, December 17, 2025 - The technology industry reported significant developments this week as major companies announced new initiatives.

Paragraph 1: Market reaction has been positive regarding the recent changes in the technology landscape.

Paragraph 2: This represents a major shift regarding the recent changes in the technology landscape.

Paragraph 3: Analysts are optimistic regarding the recent changes in the technology landscape.

According to Bloomberg, there may be regulatory challenges ahead",News Article,2
"BREAKING: Politics Sector Shows Strong Growth in Q1

Paragraph 1: This represents a major shift regarding the recent changes in the politics landscape.

Paragraph 2: This represents a major shift regarding the recent changes in the politics landscape.

Paragraph 3: Experts caution about challenges regarding the recent changes in the politics landscape.

Paragraph 4: Analysts are optimistic regarding the recent changes in the politics landscape.

The development comes as companies respond to changing consumer demand.

Bloomberg reports that policy changes are under discussion",News Article,2
"Sports Sector Shows Strong Growth in Q4

San Francisco, December 18, 2025 - The sports industry reported significant developments this week as major companies announced new initiatives.

Paragraph 1: This represents a major shift regarding the recent changes in the sports landscape.

Paragraph 2: Experts caution about challenges regarding the recent changes in the sports landscape.

Paragraph 3: This represents a major shift regarding the recent changes in the sports landscape.

Paragraph 4: Market reaction has been positive regarding the recent changes in the sports landscape.

According to Associated Press, experts predict continued growth",News Article,2
"BREAKING: Sports Sector Shows Strong Growth in Q3

Paragraph 1: Market reaction has been positive regarding the recent changes in the sports landscape.

Paragraph 2: This represents a major shift regarding the recent changes in the sports landscape.

The development comes as regulators review recent developments.

Bloomberg reports that investors reacted cautiously",News Article,2
"Politics Sector Shows Strong Growth in Q1
By John Smith
December 13, 2025

Paragraph 1: Analysts are optimistic regarding the recent changes in the politics landscape.

Paragraph 2: This represents a major shift regarding the recent changes in the politics landscape.

Paragraph 3: Market reaction has been positive regarding the recent changes in the politics landscape.

Paragraph 4: This represents a major shift regarding the recent changes in the politics landscape.

In related news, other sectors also showed improvement",News Article,2
"BREAKING: Business Sector Shows Strong Growth in Q2

Paragraph 1: Market reaction has been positive regarding the recent changes in the business landscape.

Paragraph 2: Analysts are optimistic regarding the recent changes in the business landscape.

Paragraph 3: Experts caution about challenges regarding the recent changes in the business landscape.

Paragraph 4: Experts caution about challenges regarding the recent changes in the business landscape.

The development comes as companies respond to changing consumer demand.

Bloomberg reports that several firms announced earnings",News Article,2
"Sports Sector Shows Strong Growth in Q3

New York, December 14, 2025 - The sports industry reported significant developments this week as major companies announced new initiatives.

Paragraph 1: Market reaction has been positive regarding the recent changes in the sports landscape.

Paragraph 2: Market reaction has been positive regarding the recent changes in the sports landscape.

Paragraph 3: Experts caution about challenges regarding the recent changes in the sports landscape.

Paragraph 4: Analysts are optimistic regarding the recent changes in the sports landscape.

According to Associated Press, experts predict continued growth",News Article,2
"Sports Sector Shows Strong Growth in Q1

San Francisco, December 18, 2025 - The sports industry reported significant developments this week as major companies announced new initiatives.

Paragraph 1: This represents a major shift regarding the recent changes in the sports landscape.

Paragraph 2: Experts caution about challenges regarding the recent changes in the sports landscape.

Paragraph 3: Market reaction has been positive regarding the recent changes in the sports landscape.

According to Associated Press, experts predict continued growth",News Article,2
"Technology Sector Shows Strong Growth in Q2
By John Smith
December 15, 2025

Paragraph 1: This represents a major shift regarding the recent changes in the technology landscape.

Paragraph 2: Analysts are optimistic regarding the recent changes in the technology landscape.

Paragraph 3: Analysts are optimistic regarding the recent changes in the technology landscape.

Paragraph 4: Experts caution about challenges regarding the recent changes in the technology landscape.

In related news, similar trends were observed",News Article,2
"Business Sector Shows Strong Growth in Q4

London, December 14, 2025 - The business industry reported significant developments this week as major companies announced new initiatives.

Paragraph 1: Market reaction has been positive regarding the recent changes in the business landscape.

Paragraph 2: Analysts are optimistic regarding the recent changes in the business landscape.

According to Associated Press, experts predict continued growth",News Article,2
"Sports Sector Shows Strong Growth in Q2

New York, December 15, 2025 - The sports industry reported significant developments this week as major companies announced new initiatives.

Paragraph 1: Analysts are optimistic regarding the recent changes in the sports landscape.

Paragraph 2: This represents a major shift regarding the recent changes in the sports landscape.

Paragraph 3: Market reaction has been positive regarding the recent changes in the sports landscape.

According to Bloomberg, there may be regulatory challenges ahead",News Article,2
"Politics Sector Shows Strong Growth in Q2
By Michael Chen
December 15, 2025

Paragraph 1: This represents a major shift regarding the recent changes in the politics landscape.

Paragraph 2: Analysts are optimistic regarding the recent changes in the politics landscape.

In related news, similar trends were observed",News Article,2
"BREAKING: Sports Sector Shows Strong Growth in Q4

Paragraph 1: Market reaction has been positive regarding the recent changes in the sports landscape.

Paragraph 2: Analysts are optimistic regarding the recent changes in the sports landscape.

The development comes as companies respond to changing consumer demand.

Bloomberg reports that investors reacted cautiously",News Article,2
"Technology Sector Shows Strong Growth in Q2
By Emma Johnson
December 14, 2025

Paragraph 1: Analysts are optimistic regarding the recent changes in the technology landscape.

Paragraph 2: Experts caution about challenges regarding the recent changes in the technology landscape.

Paragraph 3: Analysts are optimistic regarding the recent changes in the technology landscape.

In related news, similar trends were observed",News Article,2
"BREAKING: Technology Sector Shows Strong Growth in Q2

Paragraph 1: Analysts are optimistic regarding the recent changes in the technology landscape.

Paragraph 2: This represents a major shift regarding the recent changes in the technology landscape.

The development comes as companies respond to changing consumer demand.

Reuters reports that several firms announced earnings",News Article,2
"BREAKING: Politics Sector Shows Strong Growth in Q3

Paragraph 1: This represents a major shift regarding the recent changes in the politics landscape.

Paragraph 2: Experts caution about challenges regarding the recent changes in the politics landscape.

The development comes as markets adjust to new economic data.

Bloomberg reports that policy changes are under discussion",News Article,2
"Business Sector Shows Strong Growth in Q3

London, December 17, 2025 - The business industry reported significant developments this week as major companies announced new initiatives.

Paragraph 1: Market reaction has been positive regarding the recent changes in the business landscape.

Paragraph 2: This represents a major shift regarding the recent changes in the business landscape.

Paragraph 3: This represents a major shift regarding the recent changes in the business landscape.

According to Reuters, experts predict continued growth",News Article,2
"Business Sector Shows Strong Growth in Q2
By Michael Chen
December 13, 2025

Paragraph 1: This represents a major shift regarding the recent changes in the business landscape.

Paragraph 2: This represents a major shift regarding the recent changes in the business landscape.

In related news, similar trends were observed",News Article,2
"Business Sector Shows Strong Growth in Q3

New York, December 16, 2025 - The business industry reported significant developments this week as major companies announced new initiatives.

Paragraph 1: Market reaction has been positive regarding the recent changes in the business landscape.

Paragraph 2: Analysts are optimistic regarding the recent changes in the business landscape.

According to Associated Press, experts predict continued growth",News Article,2
"Technology Sector Shows Strong Growth in Q4
By Michael Chen
December 18, 2025

Paragraph 1: Experts caution about challenges regarding the recent changes in the technology landscape.

Paragraph 2: Analysts are optimistic regarding the recent changes in the technology landscape.

Paragraph 3: Experts caution about challenges regarding the recent changes in the technology landscape.

Paragraph 4: This represents a major shift regarding the recent changes in the technology landscape.

In related news, other sectors also showed improvement",News Article,2
"BREAKING: Politics Sector Shows Strong Growth in Q3

Paragraph 1: Market reaction has been positive regarding the recent changes in the politics landscape.

Paragraph 2: Analysts are optimistic regarding the recent changes in the politics landscape.

The development comes as regulators review recent developments.

Reuters reports that investors reacted cautiously",News Article,2
"Technology Sector Shows Strong Growth in Q3

New York, December 16, 2025 - The technology industry reported significant developments this week as major companies announced new initiatives.

Paragraph 1: Experts caution about challenges regarding the recent changes in the technology landscape.

Paragraph 2: This represents a major shift regarding the recent changes in the technology landscape.

According to Reuters, there may be regulatory challenges ahead",News Article,2
"Politics Sector Shows Strong Growth in Q4

Tokyo, December 18, 2025 - The politics industry reported significant developments this week as major companies announced new initiatives.

Paragraph 1: Market reaction has been positive regarding the recent changes in the politics landscape.

Paragraph 2: This represents a major shift regarding the recent changes in the politics landscape.

According to Reuters, there may be regulatory challenges ahead",News Article,2
"Politics Sector Shows Strong Growth in Q2
By Emma Johnson
December 18, 2025

Paragraph 1: This represents a major shift regarding the recent changes in the politics landscape.

Paragraph 2: Experts caution about challenges regarding the recent changes in the politics landscape.

In related news, other sectors also showed improvement",News Article,2
"Politics Sector Shows Strong Growth in Q3

London, December 17, 2025 - The politics industry reported significant developments this week as major companies announced new initiatives.

Paragraph 1: This represents a major shift regarding the recent changes in the politics landscape.

Paragraph 2: This represents a major shift regarding the recent changes in the politics landscape.

Paragraph 3: This represents a major shift regarding the recent changes in the politics landscape.

Paragraph 4: This represents a major shift regarding the recent changes in the politics landscape.

According to Associated Press, experts predict continued growth",News Article,2
"Technology Sector Shows Strong Growth in Q4

Tokyo, December 14, 2025 - The technology industry reported significant developments this week as major companies announced new initiatives.

Paragraph 1: Experts caution about challenges regarding the recent changes in the technology landscape.

Paragraph 2: Market reaction has been positive regarding the recent changes in the technology landscape.

According to Reuters, experts predict continued growth",News Article,2
"Business Sector Shows Strong Growth in Q3
By Sarah Williams
December 19, 2025

Paragraph 1: Market reaction has been positive regarding the recent changes in the business landscape.

Paragraph 2: Analysts are optimistic regarding the recent changes in the business landscape.

Paragraph 3: Analysts are optimistic regarding the recent changes in the business landscape.

In related news, other sectors also showed improvement",News Article,2
"Politics Sector Shows Strong Growth in Q2
By Michael Chen
December 17, 2025

Paragraph 1: Analysts are optimistic regarding the recent changes in the politics landscape.

Paragraph 2: Experts caution about challenges regarding the recent changes in the politics landscape.

Paragraph 3: Market reaction has been positive regarding the recent changes in the politics landscape.

Paragraph 4: This represents a major shift regarding the recent changes in the politics landscape.

In related news, other sectors also showed improvement",News Article,2
"Politics Sector Shows Strong Growth in Q2

San Francisco, December 18, 2025 - The politics industry reported significant developments this week as major companies announced new initiatives.

Paragraph 1: Analysts are optimistic regarding the recent changes in the politics landscape.

Paragraph 2: This represents a major shift regarding the recent changes in the politics landscape.

Paragraph 3: Market reaction has been positive regarding the recent changes in the politics landscape.

Paragraph 4: Market reaction has been positive regarding the recent changes in the politics landscape.

According to Reuters, there may be regulatory challenges ahead",News Article,2
"BREAKING: Technology Sector Shows Strong Growth in Q2

Paragraph 1: This represents a major shift regarding the recent changes in the technology landscape.

Paragraph 2: Market reaction has been positive regarding the recent changes in the technology landscape.

The development comes as regulators review recent developments.

Bloomberg reports that investors reacted cautiously",News Article,2
